region,survey_year,planting_month,plot_rain_median_mm
Amhara,2021,Aug,848.7638275883199
Amhara,2021,Feb,814.1342517289888
Amhara,2021,Jul,820.1951835114118
Amhara,2021,Jun,848.7638275883199
Amhara,2021,Mar,849.4196040093407
Amhara,2022,Aug,872.7381845099995
Amhara,2022,Feb,848.7638275883199
Amhara,2022,Jul,848.7638275883199
Amhara,2022,Jun,811.1740233431569
Amhara,2022,Mar,848.7638275883199
Amhara,2023,Aug,854.3346639269324
Amhara,2023,Feb,848.7638275883199
Amhara,2023,Jul,838.6386289896683
Amhara,2023,Jun,869.1411873217601
Amhara,2023,Mar,883.3750709732694
Amhara,2024,Aug,848.7638275883199
Amhara,2024,Feb,848.7638275883199
Amhara,2024,Jul,836.3904850181741
Amhara,2024,Jun,855.7679221863887
Amhara,2024,Mar,848.7638275883199
Oromia,2021,Aug,825.2583165180209
Oromia,2021,Feb,831.7234155860833
Oromia,2021,Jul,848.7638275883199
Oromia,2021,Jun,872.9539409762052
Oromia,2021,Mar,856.4912670089957
Oromia,2022,Aug,847.9961447091351
Oromia,2022,Feb,886.3661288399999
Oromia,2022,Jul,877.8094695336023
Oromia,2022,Jun,848.7638275883199
Oromia,2022,Mar,849.9054739577181
Oromia,2023,Aug,832.7668408669451
Oromia,2023,Feb,858.4255984856787
Oromia,2023,Jul,849.6373675329669
Oromia,2023,Jun,848.7638275883199
Oromia,2023,Mar,829.5343154960228
Oromia,2024,Aug,869.7622424686798
Oromia,2024,Feb,892.6994801375484
Oromia,2024,Jul,816.855258857227
Oromia,2024,Jun,848.7638275883199
Oromia,2024,Mar,848.7638275883199
SNNPR,2021,Aug,822.89496205951
SNNPR,2021,Feb,838.8618430605286
SNNPR,2021,Jul,848.7638275883199
SNNPR,2021,Jun,873.3433102899608
SNNPR,2021,Mar,848.7638275883199
SNNPR,2022,Aug,848.7638275883199
SNNPR,2022,Feb,834.6733641008638
SNNPR,2022,Jul,852.1763277919537
SNNPR,2022,Jun,848.7638275883199
SNNPR,2022,Mar,832.9133144988466
SNNPR,2023,Aug,842.1059757111112
SNNPR,2023,Feb,842.497768030607
SNNPR,2023,Jul,890.0144321488483
SNNPR,2023,Jun,806.3694760875667
SNNPR,2023,Mar,858.695296630504
SNNPR,2024,Aug,845.3471116010514
SNNPR,2024,Feb,852.3849929487264
SNNPR,2024,Jul,845.5724605764083
SNNPR,2024,Jun,866.9877294391612
SNNPR,2024,Mar,841.9280295324849
Somali,2021,Aug,866.9739726879477
Somali,2021,Feb,848.7638275883199
Somali,2021,Jul,831.565536119848
Somali,2021,Jun,874.227583605546
Somali,2021,Mar,839.3251259853183
Somali,2022,Aug,811.0959950836944
Somali,2022,Feb,848.7638275883199
Somali,2022,Jul,865.4902106300545
Somali,2022,Jun,833.7781476581049
Somali,2022,Mar,848.7638275883199
Somali,2023,Aug,848.7638275883199
Somali,2023,Feb,885.5997741509101
Somali,2023,Jul,839.4662651205957
Somali,2023,Jun,870.154528871947
Somali,2023,Mar,848.7638275883199
Somali,2024,Aug,842.1602831023806
Somali,2024,Feb,848.7638275883199
Somali,2024,Jul,846.8342559672813
Somali,2024,Jun,849.7320452485527
Somali,2024,Mar,848.7638275883199
Tigray,2021,Aug,848.7638275883199
Tigray,2021,Feb,868.2799283699512
Tigray,2021,Jul,836.8140275917947
Tigray,2021,Jun,848.7638275883199
Tigray,2021,Mar,848.7638275883199
Tigray,2022,Aug,827.0093043351563
Tigray,2022,Feb,848.7638275883199
Tigray,2022,Jul,890.2834081850569
Tigray,2022,Jun,848.7638275883199
Tigray,2022,Mar,845.8065564810349
Tigray,2023,Aug,872.7307854312027
Tigray,2023,Feb,844.0863611946336
Tigray,2023,Jul,873.6660476033901
Tigray,2023,Jun,876.8826679438138
Tigray,2023,Mar,860.2900801569633
Tigray,2024,Aug,809.0708022324578
Tigray,2024,Feb,844.0726893056043
Tigray,2024,Jul,869.0130971563475
Tigray,2024,Jun,859.1586244318121
Tigray,2024,Mar,834.6359935726792
