region,survey_year,planting_month,wx_season_mean_temp_c,wx_season_rain_total_mm,wx_extreme_heat_days,wx_n_months_observed,wx_temp_anomaly_c,wx_rain_anomaly_mm
Amhara,2021,Jan,17.475,325.6,1,4,-0.362,99.1
Amhara,2021,Feb,17.575,372.8,0,4,-0.188,107.7
Amhara,2021,Mar,17.1,447.2,1,4,-0.238,117.5
Amhara,2021,Apr,17.0,547.4,1,4,0.0,123.4
Amhara,2021,May,16.3,731.0,1,4,-0.108,183.5
Amhara,2021,Jun,15.65,924.1,1,4,-0.224,262.4
Amhara,2021,Jul,16.5,798.2,1,4,0.414,249.3
Amhara,2021,Aug,16.95,621.7,1,4,0.539,219.8
Amhara,2021,Sep,17.25,371.6,1,4,0.309,131.6
Amhara,2021,Oct,18.425,113.6,1,4,0.875,26.4
Amhara,2021,Nov,18.7,150.2,0,4,0.938,14.9
Amhara,2021,Dec,19.025,179.6,0,4,1.25,-8.5
Amhara,2022,Jan,19.725,190.4,0,4,1.888,-36.2
Amhara,2022,Feb,19.55,229.4,0,4,1.788,-35.7
Amhara,2022,Mar,18.75,295.6,0,4,1.412,-34.1
Amhara,2022,Apr,18.275,341.2,0,4,1.275,-82.8
Amhara,2022,May,17.258,477.3,0,3,0.85,-70.1
Amhara,2022,Jun,16.796,545.1,0,3,0.922,-116.6
Amhara,2022,Jul,16.921,436.7,0,2,0.834,-112.2
Amhara,2022,Aug,17.321,352.4,0,2,0.909,-49.4
Amhara,2022,Sep,18.062,184.1,0,3,1.122,-55.8
Amhara,2022,Oct,18.1,79.3,0,3,0.55,-7.9
Amhara,2022,Nov,17.7,127.6,0,4,-0.062,-7.7
Amhara,2022,Dec,16.95,156.2,0,4,-0.825,-31.9
Amhara,2023,Jan,16.2,191.4,0,4,-1.637,-35.2
Amhara,2023,Feb,15.825,229.8,0,4,-1.938,-35.3
Amhara,2023,Mar,16.25,279.7,0,4,-1.088,-50.1
Amhara,2023,Apr,15.85,466.9,0,4,-1.15,42.9
Amhara,2023,May,15.575,610.2,0,4,-0.833,62.7
Amhara,2023,Jun,15.2,709.4,0,4,-0.674,47.7
Amhara,2023,Jul,15.025,608.7,0,4,-1.061,59.8
Amhara,2023,Aug,15.3,385.5,0,4,-1.111,-16.4
Amhara,2023,Sep,16.113,213.4,0,3,-0.828,-26.5
Amhara,2023,Oct,16.913,75.3,0,3,-0.637,-11.9
Amhara,2023,Nov,17.613,122.8,0,3,-0.15,-12.5
Amhara,2023,Dec,17.837,181.2,0,3,0.062,-6.9
Amhara,2024,Jan,17.95,198.8,0,4,0.113,-27.8
Amhara,2024,Feb,18.1,228.3,0,4,0.337,-36.8
Amhara,2024,Mar,17.25,296.5,0,4,-0.088,-33.2
Amhara,2024,Apr,16.875,340.4,0,4,-0.125,-83.6
Amhara,2024,May,16.5,371.4,0,4,0.092,-176.1
Amhara,2024,Jun,15.85,468.3,0,4,-0.024,-193.4
Amhara,2024,Jul,15.9,352.0,0,4,-0.186,-196.9
Amhara,2024,Aug,16.075,247.9,0,4,-0.336,-154.0
Amhara,2024,Sep,16.337,190.7,0,4,-0.603,-49.2
Amhara,2024,Oct,16.944,68.1,0,3,-0.606,-19.1
Amhara,2024,Nov,17.406,119.4,0,2,-0.356,-16.0
Amhara,2024,Dec,17.775,179.5,0,1,0.0,-8.6
Oromia,2021,Jan,20.125,190.6,0,4,0.163,-62.4
Oromia,2021,Feb,20.2,218.7,0,4,0.131,-75.1
Oromia,2021,Mar,19.7,322.4,0,4,0.181,-74.7
Oromia,2021,Apr,19.1,386.1,1,4,0.25,-92.4
Oromia,2021,May,18.3,446.9,1,4,0.056,-147.5
Oromia,2021,Jun,17.7,545.8,1,4,0.0,-135.2
Oromia,2021,Jul,18.75,394.9,1,4,0.277,-124.8
Oromia,2021,Aug,19.075,301.6,0,4,0.29,-79.4
Oromia,2021,Sep,19.575,193.0,0,4,0.54,-13.2
Oromia,2021,Oct,19.875,70.6,0,3,0.402,-8.2
Oromia,2021,Nov,19.725,143.1,0,3,0.475,6.4
Oromia,2021,Dec,20.175,222.0,0,3,0.569,28.0
Oromia,2022,Jan,20.5,305.5,0,3,0.538,52.5
Oromia,2022,Feb,20.775,354.0,0,4,0.706,60.2
Oromia,2022,Mar,20.125,532.9,0,4,0.606,135.8
Oromia,2022,Apr,19.7,555.5,0,4,0.85,77.0
Oromia,2022,May,19.1,670.9,0,4,0.856,76.6
Oromia,2022,Jun,18.725,765.3,0,4,1.025,84.3
Oromia,2022,Jul,19.4,516.5,0,4,0.927,-3.1
Oromia,2022,Aug,19.425,413.8,0,4,0.64,32.9
Oromia,2022,Sep,19.875,228.2,0,4,0.84,21.9
Oromia,2022,Oct,19.95,84.7,0,4,0.477,5.9
Oromia,2022,Nov,19.65,140.8,0,4,0.4,4.1
Oromia,2022,Dec,19.925,195.1,0,4,0.319,1.1
Oromia,2023,Jan,19.95,259.1,0,4,-0.012,6.1
Oromia,2023,Feb,20.1,307.5,0,4,0.031,13.7
Oromia,2023,Mar,19.275,359.0,0,4,-0.244,-38.1
Oromia,2023,Apr,18.4,485.2,0,4,-0.45,6.7
Oromia,2023,May,17.65,642.9,0,4,-0.594,48.6
Oromia,2023,Jun,17.25,712.2,0,4,-0.45,31.2
Oromia,2023,Jul,17.85,607.2,0,4,-0.623,87.5
Oromia,2023,Aug,18.15,433.3,0,4,-0.635,52.3
Oromia,2023,Sep,18.55,200.5,0,4,-0.485,-5.7
Oromia,2023,Oct,18.625,88.6,0,4,-0.848,9.8
Oromia,2023,Nov,18.475,147.4,0,4,-0.775,10.7
Oromia,2023,Dec,18.975,215.9,0,4,-0.631,21.9
Oromia,2024,Jan,19.275,256.7,0,4,-0.688,3.7
Oromia,2024,Feb,19.2,294.9,0,4,-0.869,1.1
Oromia,2024,Mar,18.975,374.2,1,4,-0.544,-22.9
Oromia,2024,Apr,18.2,487.4,1,4,-0.65,8.9
Oromia,2024,May,17.925,616.7,1,4,-0.319,22.4
Oromia,2024,Jun,17.125,700.8,1,4,-0.575,19.8
Oromia,2024,Jul,17.892,560.0,0,3,-0.581,40.3
Oromia,2024,Aug,18.492,375.1,0,3,-0.294,-5.9
Oromia,2024,Sep,18.142,203.2,0,3,-0.894,-3.0
Oromia,2024,Oct,19.217,75.8,0,2,-0.256,-3.0
Oromia,2024,Nov,18.994,133.8,0,2,-0.256,-3.0
Oromia,2024,Dec,19.244,190.4,0,1,-0.363,-3.6
SNNPR,2021,Jan,23.15,267.5,18,4,1.444,-36.8
SNNPR,2021,Feb,22.8,350.5,12,4,0.987,-20.6
SNNPR,2021,Mar,21.575,490.9,8,4,0.481,-11.2
SNNPR,2021,Apr,20.8,671.7,0,4,0.637,77.6
SNNPR,2021,May,20.35,818.8,0,4,0.944,138.1
SNNPR,2021,Jun,20.2,912.4,0,4,1.306,142.2
SNNPR,2021,Jul,21.0,736.5,0,4,1.594,157.5
SNNPR,2021,Aug,21.325,477.7,0,4,1.5,56.4
SNNPR,2021,Sep,21.725,280.6,0,4,1.331,25.1
SNNPR,2021,Oct,21.35,97.3,0,4,0.55,-2.0
SNNPR,2021,Nov,21.1,144.1,0,4,0.094,-15.3
SNNPR,2021,Dec,21.025,211.9,1,4,-0.494,-13.2
SNNPR,2022,Jan,21.175,295.3,1,4,-0.531,-9.0
SNNPR,2022,Feb,21.475,327.1,1,4,-0.337,-44.0
SNNPR,2022,Mar,20.975,461.6,1,4,-0.119,-40.5
SNNPR,2022,Apr,19.925,518.6,0,4,-0.238,-75.5
SNNPR,2022,May,19.025,640.6,1,4,-0.381,-40.1
SNNPR,2022,Jun,18.2,699.3,1,4,-0.694,-70.9
SNNPR,2022,Jul,18.65,517.6,1,4,-0.756,-61.4
SNNPR,2022,Aug,19.425,398.3,1,4,-0.4,-23.0
SNNPR,2022,Sep,20.0,193.0,0,3,-0.394,-62.6
SNNPR,2022,Oct,20.6,105.7,0,3,-0.2,6.3
SNNPR,2022,Nov,20.725,187.4,0,3,-0.281,28.0
SNNPR,2022,Dec,21.2,249.6,3,2,-0.319,24.5
SNNPR,2023,Jan,21.15,334.6,4,3,-0.556,30.3
SNNPR,2023,Feb,21.55,431.3,4,3,-0.263,60.3
SNNPR,2023,Mar,20.85,598.6,4,3,-0.244,96.5
SNNPR,2023,Apr,19.675,676.7,1,4,-0.488,82.6
SNNPR,2023,May,19.075,750.0,0,4,-0.331,69.3
SNNPR,2023,Jun,18.65,765.9,0,4,-0.244,-4.2
SNNPR,2023,Jul,19.025,516.1,0,4,-0.381,-62.9
SNNPR,2023,Aug,19.275,376.1,0,4,-0.55,-45.2
SNNPR,2023,Sep,19.775,214.0,0,4,-0.619,-41.5
SNNPR,2023,Oct,20.025,96.1,1,4,-0.775,-3.2
SNNPR,2023,Nov,20.15,166.0,1,4,-0.856,6.6
SNNPR,2023,Dec,20.95,217.6,1,4,-0.569,-7.5
SNNPR,2024,Jan,21.35,319.9,1,4,-0.356,15.6
SNNPR,2024,Feb,21.425,375.3,0,4,-0.387,4.2
SNNPR,2024,Mar,20.975,457.4,0,4,-0.119,-44.7
SNNPR,2024,Apr,20.25,509.4,0,4,0.087,-84.7
SNNPR,2024,May,19.175,513.3,0,4,-0.231,-167.4
SNNPR,2024,Jun,18.525,703.0,0,4,-0.369,-67.1
SNNPR,2024,Jul,18.95,545.9,0,4,-0.456,-33.1
SNNPR,2024,Aug,19.275,433.2,0,4,-0.55,11.9
SNNPR,2024,Sep,20.075,334.6,0,4,-0.319,79.1
SNNPR,2024,Oct,20.663,93.6,1,3,-0.137,-5.8
SNNPR,2024,Nov,20.969,157.9,2,2,-0.038,-1.5
SNNPR,2024,Dec,21.494,229.0,5,1,-0.025,3.8
Somali,2021,Jan,30.875,92.6,67,4,1.359,-0.0
Somali,2021,Feb,31.175,115.5,75,4,1.547,6.4
Somali,2021,Mar,30.425,134.7,74,4,1.444,5.4
Somali,2021,Apr,29.8,160.1,64,4,1.494,-1.5
Somali,2021,May,29.4,169.2,69,4,1.644,-19.6
Somali,2021,Jun,29.1,186.8,62,4,1.869,-33.6
Somali,2021,Jul,29.675,162.4,65,4,1.975,-20.1
Somali,2021,Aug,30.15,115.9,79,4,1.875,-11.3
Somali,2021,Sep,30.4,75.2,72,4,1.694,-3.6
Somali,2021,Oct,29.7,38.2,64,4,0.581,7.6
Somali,2021,Nov,28.675,63.8,47,4,-0.622,15.5
Somali,2021,Dec,27.8,92.7,34,4,-1.597,21.4
Somali,2022,Jan,27.1,111.5,33,4,-2.416,18.9
Somali,2022,Feb,27.425,123.9,41,4,-2.203,14.8
Somali,2022,Mar,27.038,144.4,44,4,-1.944,15.1
Somali,2022,Apr,26.613,155.0,35,4,-1.694,-6.6
Somali,2022,May,25.962,194.0,26,4,-1.794,5.2
Somali,2022,Jun,24.788,253.5,16,4,-2.444,33.1
Somali,2022,Jul,25.275,207.2,17,4,-2.425,24.7
Somali,2022,Aug,26.35,166.5,31,3,-1.925,39.2
Somali,2022,Sep,26.825,105.4,42,3,-1.881,26.6
Somali,2022,Oct,28.525,36.7,51,3,-0.594,6.0
Somali,2022,Nov,29.0,62.9,54,3,-0.297,14.6
Somali,2022,Dec,29.125,88.7,56,4,-0.272,17.4
Somali,2023,Jan,29.775,109.0,57,4,0.259,16.4
Somali,2023,Feb,29.5,129.5,61,4,-0.128,20.4
Somali,2023,Mar,28.956,138.8,62,3,-0.025,9.4
Somali,2023,Apr,28.431,190.2,58,3,0.125,28.6
Somali,2023,May,27.981,221.2,56,3,0.225,32.4
Somali,2023,Jun,27.731,254.1,53,3,0.5,33.6
Somali,2023,Jul,28.25,216.6,56,4,0.55,34.1
Somali,2023,Aug,28.675,139.2,53,4,0.4,12.0
Somali,2023,Sep,28.925,88.5,54,4,0.219,9.7
Somali,2023,Oct,29.3,28.8,51,4,0.181,-1.8
Somali,2023,Nov,29.688,34.2,54,4,0.391,-14.1
Somali,2023,Dec,30.212,47.9,62,4,0.816,-23.4
Somali,2024,Jan,30.312,57.3,61,4,0.797,-35.3
Somali,2024,Feb,30.413,67.4,63,4,0.784,-41.7
Somali,2024,Mar,29.506,99.5,57,3,0.525,-29.9
Somali,2024,Apr,28.381,141.1,47,2,0.075,-20.5
Somali,2024,May,27.681,170.7,47,2,-0.075,-18.1
Somali,2024,Jun,27.306,187.3,43,2,0.075,-33.1
Somali,2024,Jul,27.6,143.8,40,3,-0.1,-38.7
Somali,2024,Aug,27.925,87.4,46,4,-0.35,-39.8
Somali,2024,Sep,28.675,46.0,49,4,-0.031,-32.8
Somali,2024,Oct,28.812,21.5,50,3,-0.306,-9.1
Somali,2024,Nov,29.166,44.8,53,2,-0.131,-3.5
Somali,2024,Dec,29.516,68.9,56,1,0.119,-2.4
Tigray,2021,Jan,18.775,381.4,0,4,-0.369,114.4
Tigray,2021,Feb,18.8,455.6,0,4,-0.425,139.4
Tigray,2021,Mar,18.35,497.9,0,4,0.081,113.6
Tigray,2021,Apr,17.525,539.7,0,4,-0.181,125.7
Tigray,2021,May,17.0,594.5,0,4,-0.138,134.3
Tigray,2021,Jun,16.038,605.0,0,3,-0.087,89.9
Tigray,2021,Jul,16.188,493.7,0,3,-0.488,101.4
Tigray,2021,Aug,16.987,367.4,0,3,-0.131,71.4
Tigray,2021,Sep,17.413,209.8,0,3,-0.181,30.4
Tigray,2021,Oct,18.375,102.3,0,4,-0.15,27.0
Tigray,2021,Nov,18.625,142.8,0,4,-0.306,12.7
Tigray,2021,Dec,18.475,221.8,0,4,-0.575,25.2
Tigray,2022,Jan,18.25,302.1,0,4,-0.894,35.1
Tigray,2022,Feb,17.875,352.8,0,4,-1.35,36.6
Tigray,2022,Mar,16.725,475.2,0,4,-1.544,90.9
Tigray,2022,Apr,16.475,459.1,0,4,-1.231,45.1
Tigray,2022,May,15.525,483.4,0,4,-1.613,23.2
Tigray,2022,Jun,15.1,571.7,0,4,-1.025,56.6
Tigray,2022,Jul,15.9,394.0,0,4,-0.775,1.8
Tigray,2022,Aug,16.25,325.3,0,4,-0.869,29.3
Tigray,2022,Sep,17.1,224.3,0,4,-0.494,44.9
Tigray,2022,Oct,17.5,80.5,0,4,-1.025,5.2
Tigray,2022,Nov,18.125,138.3,0,3,-0.806,8.2
Tigray,2022,Dec,18.3,172.3,0,3,-0.75,-24.3
Tigray,2023,Jan,18.675,205.7,0,3,-0.469,-61.3
Tigray,2023,Feb,18.875,258.1,0,3,-0.35,-58.1
Tigray,2023,Mar,17.6,305.2,0,4,-0.669,-79.1
Tigray,2023,Apr,16.8,377.7,1,4,-0.906,-36.3
Tigray,2023,May,16.3,426.3,1,4,-0.838,-33.9
Tigray,2023,Jun,15.375,454.8,1,4,-0.75,-60.3
Tigray,2023,Jul,15.9,352.1,1,4,-0.775,-40.1
Tigray,2023,Aug,16.275,235.8,0,4,-0.844,-60.2
Tigray,2023,Sep,16.8,131.8,0,4,-0.794,-47.6
Tigray,2023,Oct,18.225,51.4,0,4,-0.3,-23.9
Tigray,2023,Nov,19.475,83.6,1,4,0.544,-46.5
Tigray,2023,Dec,20.475,136.1,1,4,1.425,-60.5
Tigray,2024,Jan,20.875,178.9,1,4,1.731,-88.1
Tigray,2024,Feb,21.35,198.4,1,4,2.125,-117.8
Tigray,2024,Mar,20.4,259.0,0,4,2.131,-125.3
Tigray,2024,Apr,20.025,279.6,0,4,2.319,-134.4
Tigray,2024,May,19.725,336.5,0,4,2.587,-123.7
Tigray,2024,Jun,17.987,428.9,0,3,1.862,-86.2
Tigray,2024,Jul,18.712,329.2,0,3,2.037,-63.0
Tigray,2024,Aug,18.962,255.6,0,3,1.844,-40.4
Tigray,2024,Sep,19.062,151.9,0,3,1.469,-27.6
Tigray,2024,Oct,19.994,47.8,0,3,1.469,-27.6
Tigray,2024,Nov,19.719,110.2,0,2,0.788,-19.9
Tigray,2024,Dec,19.319,183.5,0,1,0.269,-13.1
