region,crop_type,mean_yield_t_ha
Amhara,barley,3.187
Amhara,maize,3.829
Amhara,sorghum,2.495
Amhara,teff,2.479
Amhara,wheat,3.598
Oromia,barley,2.675
Oromia,maize,4.45
Oromia,sorghum,2.955
Oromia,teff,2.288
Oromia,wheat,3.12
SNNPR,barley,2.289
SNNPR,maize,4.797
SNNPR,sorghum,3.106
SNNPR,teff,2.104
SNNPR,wheat,2.668
Somali,barley,1.123
Somali,maize,2.32
Somali,sorghum,1.793
Somali,teff,0.831
Somali,wheat,1.281
Tigray,barley,3.01
Tigray,maize,4.074
Tigray,sorghum,2.709
Tigray,teff,2.332
Tigray,wheat,3.463
