feature,importance_mean,importance_std,is_weather_derived
crop_type,1.1444290140843925,0.01570637024142896,False
altitude_m,0.9971228516484867,0.016382962539399405,False
wx_season_mean_temp_c,0.4658682059493275,0.007189040991653091,True
pest_disease_flag,0.2346302277799793,0.005171966411247266,False
soil_quality_index,0.1849512478492826,0.005309771275642703,False
wx_extreme_heat_days,0.16029118401888365,0.006267758718733603,True
fertilizer_kg_per_ha,0.0900138076799945,0.005243641773908741,False
improved_seed_used,0.0478083593315762,0.00229453616859881,False
fert_x_seed,0.046949510928434655,0.00310304058742055,False
region,0.04528145037434834,0.0025190298740406115,False
wx_temp_anomaly_c,0.03618971753209661,0.004305515709475977,True
rainfall_mm_season,0.022851376359097553,0.0022842287537443028,False
planting_month,0.011452801830540055,0.0011810054243595743,False
rain_gap_mm,0.010618808303814165,0.000774231760287203,True
planting_month_num,0.008946363474060881,0.0015143765173641994,False
labor_days_per_ha,0.008852070043992527,0.0018867070431298715,False
wx_season_rain_total_mm,0.008399435174132946,0.0014871494222283685,True
wx_n_months_observed,0.0037649108099788164,0.0007773179826130062,True
distance_to_market_km,0.0004532209321569114,0.0006504943305489907,False
survey_year,0.0003180813318497233,0.0006353887209551061,False
farm_size_ha,0.00018181059850843617,0.0007216570075175498,False
