model,mean_fit_time,std_fit_time,mean_score_time,std_score_time,param_model__learning_rate_init,param_model__hidden_layer_sizes,param_model__alpha,params,split0_test_score,split1_test_score,split2_test_score,mean_test_score,std_test_score,rank_test_score
mlp_neural_net,7.408423900604248,0.7970186764282301,0.0643605391184489,0.008319490774583983,0.01,"(128, 128)",0.01,"{'model__learning_rate_init': 0.01, 'model__hidden_layer_sizes': (128, 128), 'model__alpha': 0.01}",-0.49433470507334204,-0.4827174749573905,-0.48111131496938075,-0.48605449833337105,0.0058915931755491565,2
mlp_neural_net,6.567204713821411,0.623646118136803,0.05012106895446777,0.0022344782657222994,0.003,"(64,)",0.001,"{'model__learning_rate_init': 0.003, 'model__hidden_layer_sizes': (64,), 'model__alpha': 0.001}",-0.5279462025904269,-0.5250013161471784,-0.5628615276547102,-0.5386030154641052,0.017195438335349433,14
mlp_neural_net,3.5152297019958496,0.8336284602820974,0.047529141108194985,0.004001658921397394,0.01,"(64,)",0.01,"{'model__learning_rate_init': 0.01, 'model__hidden_layer_sizes': (64,), 'model__alpha': 0.01}",-0.4992131494861204,-0.48198363358325413,-0.49162287482971107,-0.49093988596636184,0.007050480357269973,4
mlp_neural_net,10.648123820622763,0.9007550090818036,0.06387170155843098,0.002648677145747666,0.001,"(128, 64)",0.01,"{'model__learning_rate_init': 0.001, 'model__hidden_layer_sizes': (128, 64), 'model__alpha': 0.01}",-0.5141594252508829,-0.4982984868375913,-0.516293105198121,-0.509583672428865,0.008027233143137634,10
mlp_neural_net,4.757144451141357,0.7896170810646033,0.053742567698160805,0.001505574865362545,0.003,"(64, 64)",0.001,"{'model__learning_rate_init': 0.003, 'model__hidden_layer_sizes': (64, 64), 'model__alpha': 0.001}",-0.5008295532873593,-0.4982264927916839,-0.4897055512439081,-0.4962538657743171,0.004750740179376336,9
mlp_neural_net,6.534773429234822,0.9269948552949882,0.06272371610005696,0.0021409235462909915,0.003,"(128, 64)",0.01,"{'model__learning_rate_init': 0.003, 'model__hidden_layer_sizes': (128, 64), 'model__alpha': 0.01}",-0.5041734731948938,-0.48324942510473956,-0.5012468764945187,-0.4962232582647174,0.00925136033993078,8
mlp_neural_net,13.65187931060791,1.8785315630847461,0.07776943842569987,0.0028194452442651106,0.001,"(128, 128)",0.001,"{'model__learning_rate_init': 0.001, 'model__hidden_layer_sizes': (128, 128), 'model__alpha': 0.001}",-0.5107992769708497,-0.5072999729994531,-0.520381816875355,-0.5128270222818859,0.005529766305079588,12
mlp_neural_net,8.254777908325195,0.6245628470625848,0.05580600102742513,0.002224000355549893,0.001,"(64,)",0.001,"{'model__learning_rate_init': 0.001, 'model__hidden_layer_sizes': (64,), 'model__alpha': 0.001}",-0.5419145873467907,-0.5478444265516267,-0.5953143355319371,-0.5616911164767848,0.023898136509943903,16
mlp_neural_net,5.369542598724365,1.1578034247521714,0.06948630015055339,0.008125439740625304,0.01,"(128, 64)",0.0001,"{'model__learning_rate_init': 0.01, 'model__hidden_layer_sizes': (128, 64), 'model__alpha': 0.0001}",-0.4994053008732507,-0.49738632414629896,-0.48981327851466494,-0.4955349678447382,0.004128951711060069,7
mlp_neural_net,3.72653857866923,0.37890645520296856,0.05605808893839518,0.0023605468317072385,0.01,"(64, 64)",0.001,"{'model__learning_rate_init': 0.01, 'model__hidden_layer_sizes': (64, 64), 'model__alpha': 0.001}",-0.4972506516875792,-0.4798527521776241,-0.4890465255702359,-0.4887166431451464,0.00710649203899324,3
mlp_neural_net,11.543074289957682,0.6735978062516722,0.024713913599650066,0.0010107180890336393,0.001,"(128, 128)",0.0001,"{'model__learning_rate_init': 0.001, 'model__hidden_layer_sizes': (128, 128), 'model__alpha': 0.0001}",-0.5107247444693861,-0.5048892881777356,-0.5171617423515787,-0.5109252583329001,0.005012214229218197,11
mlp_neural_net,8.494894742965698,1.0002101984681382,0.04841534296671549,0.02225548634508201,0.003,"(128, 128)",0.01,"{'model__learning_rate_init': 0.003, 'model__hidden_layer_sizes': (128, 128), 'model__alpha': 0.01}",-0.49909893985719894,-0.4848147008015807,-0.49264074026532023,-0.49218479364136664,0.005840421608207953,5
mlp_neural_net,8.864622592926025,0.3131643451095005,0.020395517349243164,0.0025747616227218616,0.001,"(64,)",0.0001,"{'model__learning_rate_init': 0.001, 'model__hidden_layer_sizes': (64,), 'model__alpha': 0.0001}",-0.5428619285843338,-0.5367154759197446,-0.5946114787705657,-0.5580629610915481,0.025965237382439006,15
mlp_neural_net,5.447903712590535,1.3918697881498132,0.054274797439575195,0.008165097370264216,0.003,"(64, 64)",0.0001,"{'model__learning_rate_init': 0.003, 'model__hidden_layer_sizes': (64, 64), 'model__alpha': 0.0001}",-0.4997367851734456,-0.49533548634093777,-0.4912370196662664,-0.4954364303935499,0.00347074878526011,6
mlp_neural_net,3.8038454055786133,0.31461601140405704,0.04750633239746094,0.011721499181063908,0.01,"(64, 64)",0.01,"{'model__learning_rate_init': 0.01, 'model__hidden_layer_sizes': (64, 64), 'model__alpha': 0.01}",-0.4930542841353827,-0.4742782293112493,-0.48288909454064394,-0.48340720266242526,0.007674042207733278,1
mlp_neural_net,4.7787957191467285,0.28892854334146806,0.017129023869832356,0.0009753125312992701,0.001,"(64, 64)",0.001,"{'model__learning_rate_init': 0.001, 'model__hidden_layer_sizes': (64, 64), 'model__alpha': 0.001}",-0.5061303586883426,-0.5060968528548313,-0.5279038467501754,-0.5133770194311165,0.010272027214026095,13
